config,batch,prompt_len,decode_len,prefill_ms,decode_ms,tok_per_s,ms_per_token,peak_mem_gb
torch.compile/max-autotune-no-cudagraphs,1,128,256,42.87548828125,8195.934059143066,31.234999958841335,32.0153674185276,15.065732479095459
torch.compile/max-autotune-no-cudagraphs,16,128,256,480.8498840332031,11969.684661865234,342.1978202190768,46.75658071041107,16.56968116760254
