config,batch,prompt_len,decode_len,prefill_ms,decode_ms,tok_per_s,ms_per_token,peak_mem_gb
baseline,1,128,256,51.58700752258301,9537.318740844727,26.84192559315952,37.25515133142471,15.015938758850098
baseline,16,128,256,558.9978637695312,10790.888549804688,379.57949255940895,42.15190839767456,15.758565902709961
fused,1,128,256,96.84492874145508,9405.230323791504,27.21889748435203,36.73918095231056,16.515938758850098
fused,16,128,256,631.8667602539062,10538.401000976562,388.67376555707415,41.1656289100647,17.258474349975586
fused_no_autotune,1,128,256,276.43626403808594,10125.690460205078,25.28222653122809,39.553478360176086,16.515938758850098
fused_no_autotune,16,128,256,789.9276428222656,11270.056396484375,363.44094970791116,44.02365779876709,17.258474349975586
